ts	phase	decision	why	evidence	result
2026-09-06T03:58:03.454591+00:00	intake	Start fresh isolated BMAD quality pass	User conditionally authorized verified remaining work and cleanup	external-worktree-baseline.json	40 worktrees inventoried; original checkouts preserved
2026-09-06T04:01:44.566135+00:00	plan	Q1 preserve referenced storage at all three deletion callers	One cohesive byte-lifecycle defect; user authorized verified fixes and no repeated checkpoints	_bmad-output/implementation-artifacts/spec-quality-dw103-storage-references.md	Separate unit; other findings investigated independently
2026-09-06T04:05:00.186292+00:00	baseline	Accept fresh Node24 installation and complete baseline gate	Establish current-main behavior before owned source edits	baseline/result.json; baseline/gate.log; npm-ci.log	2020 unit and489 browser tests pass;8 historical screenshot outputs saved and restored;no unexpected tracked changes
2026-09-06T04:05:00.186292+00:00	scope	Finish remaining audited work before any fresh repository-wide hunt	Optional scope question unanswered; follow stated narrower default	cownose-audit.md; dependencies/report.md; verification-audit.md	Five Cownose units,Q1 storage,Q2 capture hygiene,Q8dependency graph;superseded changes excluded
2026-09-06T04:14:54.853726+00:00	Q1-review	Accept three verification patches and require canonical gate	Fresh reviews found useful rollback/shared-orphan/denial gaps; remaining findings do not identify changed-code defects	Q1/review-triage.md; Q1/root-patched-checks.json	59 focused tests/types/diff pass;full gate pending
2026-09-06T04:17:42.433204+00:00	Q1-accept	Accept reference-safe storage cleanup	Actual failure reproduced; targeted checks and all three reviews resolved; canonical gate green	Q1/gate/result.json; Q1/review-triage.md; Q1/final-source-hashes.json	2038 unit/489 browser pass;no unexpected mutations;ready for local commit
2026-09-06T04:18:17.324253+00:00	Q1-metadata	Remove presentation-added trailing blank line before finalizing local commit	Staged diff check flagged SPEC whitespace; shell continued to commit because fail-fast was missing	Q1/final-source-hashes.json; Q1/archive-manifest.json	Corrected only own unpublished SPEC metadata;amend and strict recheck required
2026-09-06T04:18:53.354145+00:00	Q2-plan	Redirect existing screenshot writers without new helper or configuration	Verified13call sites write14historicalfiles; reuse existingignored convention	verification-audit.md; _bmad-output/implementation-artifacts/spec-quality-verification-artifacts.md	Q1 committed 31ca9c3ba0b22e24da853ae763592d87bd71cc85;Q2 implementation ready
2026-09-06T04:23:05.974289+00:00	isolation	Verify external checkouts with complete file inventory	Initial status coalesced one untracked directory; prior shipping snapshot supplies its three historical hashes	runtime-audit/Q1-and-isolation.json; runtime-audit/external-full-supplement.md	39 external HEADs unchanged;22dirtyfiles retained;3directorychildren match2026-09-06T03:47:19.909991Z snapshot
2026-09-06T04:32:25.758889+00:00	Q2-accept	Accept clean verification output routing	Direct gate preserves all tracked bytes; exact literal diff and14PNG outputs independently verified;three reviews triaged	Q2/direct-verification/result.json; Q2/review-triage.md; Q2/retained-png-proof.json	2038unit/489browser;6366tracked paths unchanged;no restoration;ready for commit
2026-09-06T04:33:31.576148+00:00	Q3-plan	Start copied-running-review recovery from accepted Q2	Preserve source history while making copied review immediately retryable	_bmad-output/implementation-artifacts/spec-quality-Q3.md; Q2/review-triage.md	Q2commit 5f1998c9e486130e62569849a917ee1b79442791;rootgate restoration disabled after proven writer repair
2026-09-06T04:39:38.092772+00:00	planning	Apply concrete fixture and phone-reading corrections before Q4/Q7 dispatch	Current app logs review views, requires confirmation for existing reports, and has specific wizard stub/Toaster boundaries	plans/Q4-Q7-preflight.md; plans/spec-quality-Q4.md; plans/spec-quality-Q7.md	Planning only; no product policy expansion; avoid misleading fixture failures
2026-09-06T04:52:48.903901+00:00	Q3-accept	Accept copied-running review recovery after verification patches	Three reviews triaged; exact time/IDs/transcripts/real retry proved without inflating case count	Q3/post-review-evidence.md; Q3/review-triage.md; Q3/final-source-hashes.json	89focused pass;production unchanged after2044unit gate;latest-row guard and pre-write denial limits qualified
2026-09-06T04:53:05.791142+00:00	Q4-plan	Start existing feedback panel restoration	Q3 accepted; current transcript metadata and confirmation semantics investigated	plans/Q4-Q7-preflight.md; _bmad-output/implementation-artifacts/spec-quality-Q4.md	baseline0a538c72b41123801198782e08c12d17de9d253f;one source writer Astra6medium
2026-09-06T04:53:46.152644+00:00	Q8-preflight	Preserve production diagram fallback and test optional library separately	Actual Streamdown heavy Mermaid component is opt-in and absent from MessageContent	plans/Q8-runtime-preflight.md; plans/spec-quality-dependency-health.md	No production SVG feature or exploit claim; auth-cookie/client module checks prepared; remote main unchanged/no open PRs
2026-09-06T05:01:14.492503+00:00	Q4-coordination	Keep independent review in the root dispatcher	The implementer attempted an extra nested reviewer but the ephemeral session has no matching collaboration thread	Q4/independent-review-unavailable.txt; dispatch.py	No nested reviewer ran; required three fresh reviews will run after implementation. Remaining plans explicitly prohibit nested review fan-out.
2026-09-06T05:08:08.058850+00:00	Q4-evidence	Supplement the worker snapshot with exact symlink targets	Its regular-file checker recorded only existence for 13 directory symlinks	Q4/root-evidence-check.json; Q4/root-visual-review.md	All 13 targets match Q2 verified hashes and HEAD; remaining recorded bytes unchanged except active test-only patch
2026-09-06T05:10:16.813318+00:00	Q4-accept	Accept feedback beside comparison drafts	All three reviews resolved; live transitions and rejected-request recovery now tested	Q4/review-triage.md; Q4/post-review-evidence.md; Q4/root-visual-review.md	11 focused browser tests pass; production unchanged after 2044-unit/499-browser gate; phone limits disclosed
2026-09-06T05:10:42.368442+00:00	Q5-plan	Repair duplicate score row identity	Current table keys rows on repeated caller-supplied positions	_bmad-output/implementation-artifacts/spec-quality-Q5.md	Q4 accepted at 67e115c124320e7e3c446cb2538335f052b7c52c; one source writer
2026-09-06T05:20:54.050172+00:00	Q5-accept	Accept duplicate score-row repair	Three reviews resolved; exact final regression bytes fail on old source and pass on repaired source	Q5/review-triage.md; Q5/root-review-checks.json; Q5/root-broad-baseline-check.json	7 browser tests and Svelte checks pass; only owned source temporarily replayed and restored; final combined gate pending
2026-09-06T05:20:54.390557+00:00	Q6-plan	Restore avatar Settings navigation	Legacy AppNav pages still expose the avatar menu; preserve separate rail behavior	_bmad-output/implementation-artifacts/spec-quality-Q6.md	Q5 accepted at bea7e2d218ea06743f94b2c5fd5e1755e5fd98e8; one source writer
2026-09-06T05:23:08.078450+00:00	release-scope	Separate GitHub frontend status from Convex deployment proof	Current Vercel build command runs Vite and CI has no backend deployment step	deployment-boundary.md; vercel.json; .github/workflows/ci.yml	Main merge remains the authorized shipping target; no claim that frontend success deploys Convex functions/schema
2026-09-06T05:25:04.480328+00:00	ledger-scope	Retain historical deferred statuses without claiming they are resolved	Read-only count found 83 open entries, including the three targeted by this pass	ledger-scope.json; native-closure-plan.md	80 older open statuses are outside the eight-unit scope and not re-triaged; only proven target IDs will close
2026-09-06T05:29:10.446793+00:00	verification-dx	Give future ephemeral workers the same public URL defaults as preflight	Q4 and Q6 standalone Svelte checks initially lacked placeholder variables; product code was not the cause	dispatch.py; dispatch-before-env-defaults.py; scripts/loop-verify.sh:58	Existing nonempty environment values preserved; no .env edits; child receipts record applied default names
2026-09-06T05:35:08.411309+00:00	workflow-bookkeeping	Make BMAD review state and severity metadata explicit	Q4-Q6 specs stayed in progress during root review; Q3-Q5 triage prose omitted explicit severity columns	dispatch.py; review-classifications.tsv; _bmad-output/implementation-artifacts/spec-quality-Q6.md	Controller now sets in-review before future dispatches; Q6 corrected now; prior categories supplemented without changing source or historical archives
2026-09-06T05:47:25.790236+00:00	Q6-accept	Accept avatar Settings restoration and rejected-navigation feedback	Three reviews triaged and narrow patch verified without changing rail or sign-out production	Q6/review-triage.md; Q6/post-review-evidence.md; Q6/root-acceptance.json	32 focused browser tests and Svelte checks pass; capture scale qualified; final combined gate pending
2026-09-06T05:47:42.820992+00:00	Q7-plan	Bound original upload attempts and retain truthful text fallback	Actual wizard currently uses a single unbounded unchecked POST	_bmad-output/implementation-artifacts/spec-quality-Q7.md	Q6 accepted at 73b0b0fe75d16e248ea794b73289574c1530aedb; one source writer
2026-09-06T05:48:46.778317+00:00	verification-dx	Strengthen final gate evidence to detect new nonignored paths and index changes	Previous private helper checked original paths only; final gate should also catch newly created dirt	run_gate.py; run_gate-before-final-strengthening.py	Before/after source hashes and index fingerprints will be retained; all restoration code removed; actual final run pending
2026-09-06T05:53:20.870582+00:00	cross-model-checkpoint	Add machine-readable supersession for historical Q4 review status	Sol found initial implementation receipt still said review incomplete after later reviews succeeded	trail-audit/checkpoint/report.md; review-supersessions.json	Historical bytes preserved; three root review exits and acceptance commit explicitly linked; final combined gate still pending
2026-09-06T05:59:29.871858+00:00	closeout-preflight	Prepare native ledger closure and immutable pre-ship evidence archive	Bind actual final gate manifests and preserve live append-only trail without dirtying tracked files after shipping	native-close.py; native-closure-preflight/usage.md; runtime-audit/closeout-preflight/report.md; archive_closeout.py	Native mutator not run; helper schema/symlink integration reviewed; only DW103–105 may close after final acceptance
2026-09-06T06:07:20.980140+00:00	Q7-accept	Accept bounded original uploads and truthful saved-text fallback	Three reviews identified response cleanup and evidence gaps; preserved diagnostic after reconsidering its removal	Q7/review-triage.md; Q7/post-review-evidence.md; Q7/root-final-source.json	53 unit/20 browser tests and Svelte checks pass; existing17 backend tests prove receipt contract separately; screenshot teardown failures retained; final combined gate pending
2026-09-06T06:07:21.359625+00:00	Q8-plan	Resolve targeted dependency advisories and missing mandatory peer	Prior advisory/peer investigation supplied narrow approved targets and runtime proof plan	_bmad-output/implementation-artifacts/spec-quality-dependency-health.md	Q7 accepted at e2cfb873b32586d1a620a75e1de61cc49d323eb3; one source writer; dependencies remain unverified until install and runtime checks
2026-09-06T06:23:46.106654+00:00	Q8-evidence	Retain the observed client bundle archive in the unit manifest	The generic archiver skipped gzip files; the genuine tar.gz payload must be preserved along with its109verified hashes	archive_unit.py; Q8/observed-client-chunks.tar.gz; Q8/client-archive-check.json	Tar.gz is treated as an original binary artifact; generated text gzip sidecars remain excluded
2026-09-06T06:23:46.106820+00:00	Q8-observer	Qualify the initial bundle-hash attribution	Strict comparison proved an entry changed after the first observer hook; moving to post order produced matching emitted bytes	Q8/client-modules-attempt1.json; Q8/client-verification.json; Q8/evidence.md	Earlier commentary naming SvelteKit as the writer was an inference; no precise plugin-writer claim is needed for final verified bundle evidence
2026-09-06T06:23:46.106830+00:00	Q8-runtime	Require fresh-cache combined gate after the test import fix	Initial browser run reloaded during optimization and could not import unchanged CommonJS OIDC module; later522pass alone is not cold-start proof	runtime-audit/Q8-cold-browser-diagnostic/report.md; runtime-audit/Q8-interim/report.md; Q8/component-final.log	Final root gate remains pending; warm result does not replace it
2026-09-06T06:28:42.821484+00:00	Q8-peer-review	Verify complete build graph and isolated production React peer	Three-lens review requested broader peer and omission proof	Q8/post-review-dependencies/result.json; Q8/post-review-dependencies/evidence.md	Full build npm ls clean; omit-dev React/auth passes; complete omit-dev source tree retains11preexisting missing Svelte peer references because Svelte is a devDependency; no whole omit-dev health claim
2026-09-06T06:35:05.373221+00:00	Q8-accept	Accept targeted dependency repair with strengthened SDK/runtime proof	Three reviews exposed an actual SDK-mock gap and additional verification requirements	Q8/review-triage.md; Q8/root-final-source.json; Q8/post-review-sdk/evidence.md; Q8/post-review-runtime/report.md	Audit0; full build peers clean;91focused unit/check pass; runtime proofs retained; cold combined root gate remains required before shipping
2026-09-06T06:35:43.193653+00:00	Q8-finalization	Remove trailing whitespace from the prepared spec before commit	Staged diff check stopped finalization on an existing trailing space in the Always paragraph	_bmad-output/implementation-artifacts/spec-quality-dependency-health.md; Q8/root-final-source.json	Intent unchanged; accepted source hash refreshed before commit; no failed commit or gate run was counted
2026-09-06T06:44:34.425279+00:00	final-gate-accept	Accept all eight units together after canonical cold-cache full gate	2077 unit and 522 browser tests; 6870 tracked/nonignored paths and index unchanged; no restoration	final-gate/result.json; final-cache-reset.json; runtime-audit/external-pre-closeout.json	All 39 external worktrees and 22 dirty files unchanged; historical Q5/Q6/Q8 pending gate conditions now fulfilled; prepare native closure only DW103-105
2026-09-06T06:45:12.437304+00:00	native-ledger-close	Close only DW103-105 through installed public BMAD mark_done_many once	Final gate and per-ID evidence passed; exclusive native writer verified; no changes to 102 other entries	native-closure-preflight/invocation.json; closure.json; finalization.json	Actual native bytes staged and verified; 25 done/80 older open; no loop state, heartbeat or external worktree changes
2026-09-06T06:50:26.851140+00:00	pre-ship-audit-accept	Accept independent gate, archive curation and configured Sol decision-trail audits	No material flags; all529 unit archive records verified; bounded secret/path scan no flags; final limits explicitly documented	runtime-audit/final-gate-review; runtime-audit/pre-ship-curation; trail-audit/pre-ship	Curate immutable pre-ship snapshot; preserve historical plan trailing whitespace via gzip; canonical live log/state stay ignored; hosted checks and merge still pending
