2026-09-05T10:06:54.470676+00:00	scope	Implement approved story8 and rerank companion	Native invocation establishes spec authority and overrides legacy migration-only restrictions	_bmad-output/specs/spec-ai-engine-sprint-2-learn-chat/stories/8-admin-learning-health-page.md	proceeded
2026-09-05T10:06:54.470920+00:00	storage	Separate idempotent terminal observations from aiUsage	Measure completed logical attempts without inventing billed events	convex/learningHealth.ts	implemented
2026-09-05T10:06:54.470924+00:00	query	Bound populations and share budgets across source joins	Prevent multiplicative unbounded reads and expose cap+1 truncation	convex/learningHealth.ts	implemented
2026-09-05T10:06:54.470927+00:00	identity	Use sourceId then entryId then isolated unattributed passage identity	Equal titles cannot establish source identity; invalid IDs normalize before lookup	convex/learningHealth.test.ts	passing
2026-09-05T10:06:54.470929+00:00	judgments	Join retained candidateScores and version-compatible report reviews	Candidate deletion must not erase ratings; preserve native scales	convex/learningHealth.test.ts	passing
2026-09-05T10:06:54.470932+00:00	telemetry	Guard terminal persistence separately from retrieval control flow	Recording failure must preserve prior retrieval and billing behavior	convex/ai/brain/retrieveOutcomes.test.ts	passing
2026-09-05T10:06:54.470934+00:00	codegen	Run supported npx convex codegen only	Installed CLI documents codegen as not modifying deployment code	node_modules/convex/src/cli/codegen.ts:18	exit 0
2026-09-05T10:14:26.198776+00:00	ui	Reuse unchanged AdminWorkspacePage and shared route inventories	Keep presentation rollback and privilege visibility intact	src/routes/admin/learning/LearningHealth.component.test.ts	12 tests passing
2026-09-05T10:14:26.198944+00:00	verify	Restore only known incidental historical screenshot changes	Preserve unrelated generated artifacts byte for byte	.audit/story-8/historical-screenshots-restored.json	55 hashes match
2026-09-05T10:14:26.198948+00:00	finalize	Leave implementation uncommitted for parent independent review	Parent explicitly owns reviewed commit and native finalization	.audit/story-8/evidence.md	ready for review
2026-09-05T10:30:57.799264+00:00	review	Guard all metrics reads with a shared conservative byte budget and one-document headroom	Row counts alone cannot prevent transaction byte failure	convex/learningHealthBytes.test.ts	eager control rejects; patched query returns partial
2026-09-05T10:30:57.799426+00:00	review	Disclose oldest-first loaded ranges and row-level incomplete judgments	Omitted evidence must not look identical to measured absence	src/routes/admin/learning/LearningHealth.component.test.ts	15 browser tests pass
2026-09-05T10:30:57.799429+00:00	verify	Run all final Verification commands after review patches	Establish final artifact behavior and preserve unrelated snapshots	.audit/story-8/evidence.md	1952 unit tests;443 browser tests;all gates pass
2026-09-05T10:34:48.236130+00:00	finalize	Commit verified story-8 artifacts locally	All four review layers and independent final gates completed	.audit/story-8/parent-final-component.log	1952 unit tests;443 browser tests;ledger unchanged
2026-09-05T10:35:41.678491+00:00	finalize	Record canonical implementation revision	Make accepted source and verification evidence traceable	04b1a6aa13a218d19e1dd4d08ff89ad106f88e79	all reviewed paths committed;clean working tree
2026-09-05T10:45:28.883108+00:00	review	Run fresh four-layer review of done story	Explicit bmad-build-auto invocation routes done specs to review	.audit/story-8/followup-review-triage.md	9 patches accepted;6 rejected;0 deferred
2026-09-05T10:45:28.883982+00:00	access	Pause metrics while administrator access is unsettled	Cached role must not sustain a subscription during loading staleness or error	src/routes/admin/learning/LearningHealth.component.test.ts	prior page fails new regressions;patched focused suite passes
2026-09-05T10:45:28.883992+00:00	evidence	Link compressed logs and identify historical checkpoints	A fresh checkout must expose verifiable artifacts without contradictory current status	.audit/story-8/evidence.md	20 existing log links verified
2026-09-05T10:47:49.365654+00:00	verify	Accept final local gates after all follow-up patches	Prove actual page regressions and preserve native ledger	.audit/story-8/evidence.md	1952 unit tests;448 browser tests;type checks pass;ledger unchanged
2026-09-05T10:53:47.426704+00:00	review	Apply nine precision and verification patches from fresh four-layer review	Done story explicitly re-enters review; no blocking intent gap	.audit/story-8/third-review-triage.md	9 low patches;5 rejected;0 deferred
2026-09-05T10:53:47.426922+00:00	verify	Reverse candidate order temporarily to validate regression sensitivity	Uniform-score tests could not distinguish cohort selection	convex/learningHealth.test.ts	Descending control fails mean 1.45 versus 1;production query restored
2026-09-05T10:53:47.426926+00:00	preserve	Leave native deferred-work ledger untouched	User reserves existing entry status and resolution to orchestrator	.audit/story-8/ledger-baseline.sha256	Original checksum OK
2026-09-05T10:56:49.554668+00:00	verify	Accept final third-review checks	All source edits are covered by actual backend and mounted-page regressions	.audit/story-8/evidence.md	1955 unit;451 browser;type checks pass;ledger unchanged
