ts	phase	decision	why	evidence	result
2026-09-05T05:57:18.189786+00:00	implementation	Assess and reuse selected candidate product files	Current story explicitly permits reviewed reuse	44b702478781d278d8f7626285d55ec9dbb4a5cf	Further corrections and fresh gates required
2026-09-05T06:03:36.836046+00:00	implementation	Require actual answer text for final-message feedback mapping	Tool-only trailing records must not steal a completed turn rating	src/lib/components/chat/AgentChatPanel.svelte:365	Browser regression passes
2026-09-05T06:03:36.836046+00:00	implementation	Omit chips with no title or science metadata	Stored output cannot support invented source identity	src/lib/chat/turnParts.ts:268	Parser regression passes
2026-09-05T06:03:36.836046+00:00	implementation	Gate feedback reads and actions on internal viewer and settled query	Loading or ineligible viewers cannot submit prematurely	src/lib/components/chat/AgentChatPanel.svelte:379	Browser auth and loading regressions pass
2026-09-05T06:03:36.836046+00:00	codegen	Run supported Convex codegen	Generated API must never be hand edited	.audit/CAP-7-story-5/codegen.log	Exit 0; also reconciles preexisting missing module registrations
2026-09-05T06:03:36.836046+00:00	verification	Run canonical full Chromium command	Audit screenshot harness is not a replacement acceptance gate	.audit/CAP-7-story-5/component-tests.log	340 tests pass
2026-09-05T06:03:36.836046+00:00	verification	Compare protected modules and native ledger with baseline	Story prohibits changes to those bytes	.audit/CAP-7-story-5/protected-final.json	All equal
2026-09-05T06:18:37.460425+00:00	repair	Selectively reuse assessed candidate product files	Current spec permits reuse but requires amendments; excluded historical spec and generated API	44b702478781d278d8f7626285d55ec9dbb4a5cf	Product patch re-derived
2026-09-05T06:18:37.460908+00:00	repair	Use a bounded versioned metadata envelope at output start	Exemplar bodies may contain forged reference headers	convex/ai/brain/retrieve.ts:414	Only title/science fields supply source labels
2026-09-05T06:18:37.460916+00:00	repair	Snapshot deidentified learning context before truncation at vote time	Live project renames/deletion and truncation must not expose original identifiers	convex/chatFeedback.ts:55	Original bounded context retained; legacy missing snapshots omitted
2026-09-05T06:18:37.460921+00:00	repair	Keep a stable primitive key for feedback subscription dependencies	convex-svelte subscribes again when argument dependencies change	src/lib/components/chat/AgentChatPanel.svelte:380	Streaming parts cannot churn unchanged turn-ID subscriptions
2026-09-05T06:18:37.460925+00:00	repair	Retain and extend prior review regression coverage	Preservation commit predates some review.diff tests	.audit/CAP-7-story-5/review.diff	Exact-order, bounded context, metadata, auth and tool-only regressions retained
2026-09-05T06:18:37.460929+00:00	codegen	Run supported Convex codegen	Generated declarations must not be edited manually	.audit/CAP-7-story-5/repair-codegen.log	Exit 0
2026-09-05T06:31:13.946680+00:00	final-review-patch	Bound only the new chat digest stream to 20 newest rows and 500/1000-character sanitized excerpts	Avoid read-byte and provider-context limits while keeping admission and freshness on one selected window	convex/chatFeedback.ts:12	Implemented and covered by final-patch gates
2026-09-05T06:31:13.949846+00:00	final-review-patch	Preserve immutable full raw and sanitized snapshots	Operational excerpt selection must not modify source evidence	convex/learning.test.ts:1713	Implemented and covered by final-patch gates
2026-09-05T06:31:13.949873+00:00	final-review-patch	Associate each feedback pair with a stable answer DOM ID	Multiple answer controls need distinct accessible associations	src/lib/components/chat/AssistantTurn.svelte:65	Implemented and covered by final-patch gates
2026-09-05T06:31:13.949883+00:00	final-review-patch	Use fixed industry-scoped empty-result copy	Preserve the safe scope distinction without exposing raw industry names or directives	src/lib/chat/turnParts.ts:321	Implemented and covered by final-patch gates
2026-09-05T06:31:13.949891+00:00	final-review-patch	Require actual panel remount for query-error recovery and distinct multi-step answer text	Browser tests must demonstrate the real recovery action and precise feedback placement	src/lib/components/chat/ChatFeedback.component.test.ts:96	Implemented and covered by final-patch gates
2026-09-05T06:34:45.488688+00:00	final-review-patch	Test the actual merged same-order answer and reject artificial user interleaving	Installed agent normalization merges adjacent same-order assistant records; no separate early/final containers exist	.audit/CAP-7-story-5/final-patch-agent-merge-evidence.json	Parent directed rejection of separate-container finding; one control references the actual merged answer
2026-09-05T06:37:33.805054+00:00	review	Review repair verification	All matrix rows retain executed coverage after protocol/snapshot re-derivation	.audit/CAP-7-story-5/parent-repair-focused.log	110 focused; 346 browser; 1898 unit; type gates passed
2026-09-05T06:37:33.805234+00:00	review	Bound chat learning selection	Keep database reads and provider contribution bounded without altering independent diversity rules	convex/chatFeedback.ts:13	20 newest records; 500/1000-character sanitized excerpts; exact provenance tested
2026-09-05T06:37:33.805238+00:00	review	Reject separate-container assertion	Actual agent normalization merges valid adjacent assistant rows; artificial interleaving would not prove the real surface	.audit/CAP-7-story-5/final-patch-agent-merge-evidence.json	Keep real merged-answer placement coverage
2026-09-05T06:37:33.805240+00:00	review	Review pass 2 triage	Five actionable patches; nine findings unsupported by reachable behavior, existing safeguards, or material regression	_bmad-output/specs/spec-ai-engine-sprint-2-learn-chat/stories/5-chat-answer-feedback-and-brain-source-chips.md	medium2 low3; followup score9
2026-09-05T06:47:31.093723+00:00	review	Use page-refresh recovery guidance	Project shells hide chat without unmounting its subscription	src/lib/components/project/CurrentProjectPage.svelte:1360	Copy and remount assertion aligned
2026-09-05T06:47:31.094074+00:00	review	Preserve Unicode code points in stored snapshots	UTF-16 truncation split a supplementary character	convex/chatFeedback.test.ts:165	Regression failed before fix and passed after
2026-09-05T06:47:31.094078+00:00	review	Keep routine screenshots outside committed evidence	Canonical component suite changed the audit PNG	src/lib/components/chat/ChatFeedback.component.test.ts:51	Screenshot output moved to ignored attachments
2026-09-05T06:47:31.094080+00:00	review	Verify actual subscription lifecycle	Argument snapshots cannot detect effect teardown	src/lib/components/chat/FeedbackSubscription.component.test.ts:24	Installed hook used with controlled external transport
2026-09-05T06:54:44.717962+00:00	review	Preserve Unicode code points in source labels	Prevent split supplementary characters while retaining bounded metadata	/tmp/story5-final-gates/unicode-before.log	Regression failed before fix and focused suite passed after fix
2026-09-05T06:54:44.717962+00:00	review	Refresh worst-case Unicode and revision-specific evidence	Four-byte code points define the current snapshot limit; historical manifests remain attributable	.audit/CAP-7-story-5/review-20260904-files.json	Protected modules and ledger match baseline
